id,name
K001,أحمد إبراهيم طنطاوي
K002,أحمد عبدالسميع غلوش
K003,أحمد فؤاد عبدالغني
K004,أسامة سيد
K005,أشرف جمعة
K006,أنس هاني إبراهيم
K007,إبراهيم محمد عبدالعظيم ناصر
K008,إسلام بكري
K009,احمد السعدني
K010,احمد حسن محمد حسب ربه
K011,احمد حلمي
K012,احمد خيري
K013,احمد ظريف
K014,احمد عبد السلام امام
K015,احمد فاروق عبدالحليم
K016,احمد فهمي ابو القمصان
K017,اخمد النوبي
K018,اشرف عيسي
K019,الشيخ ماهر
K020,الغزالي عيد الغزالي
K021,ايهاب البوشي
K022,ايهاب محمد  لطفي صالح
K023,جمال محروس
K024,حاتم حسين
K025,حسن سيد علي
K026,حسن فتحي سيد احمد
K027,حسن محمد حسن
K028,حسني عبدالرحمن سليمان
K029,حمدي مسعود
K030,خالد سعيد
K031,خالد محمد حميد
K032,د محمود أيمن محمود عبد الوهاب
K033,د محمود بكار
K034,د/ حازم
K035,رشدي شحاته
K036,رضا عادل عبدالمجيد
K037,رفيق عبد الاله
K038,سامح سعدالدين صبرة
K039,سامي احمد علام
K040,سيد فتحي
K041,سيد نفادي
K042,شريف حسين سعيد
K043,شكري محمد شوقي
K044,صبري عبدالعزيز عمر
K045,صلاح عبد الحي الصادق
K046,طارق الجيلاني
K047,طاهر ناصف
K048,طلال الباهي
K049,عادل عبد الرازق
K050,عادل عبد العزيز نوح
K051,عاصم علي العياشي
K052,عبد الرحمن جعفر
K053,عبد العزيز محمد سعيد
K054,عبد الكريم
K055,عبدالرؤوف الدسوقي
K056,عبدالرحمن أشرف عبدالباسط
K057,عبدالرحمن ابو سمرة
K058,عبدالله أحمد هاشم علي
K059,عبدالله رمضان عبد المطلب
K060,عبدالله عبدالفتاح
K061,عزت عبدالعزيز عبدالجبار
K062,عصام السيد حسن عبدالعال
K063,علي بكر
K064,علي عبد الرازق
K065,علي مؤمن
K066,عمر مجدي
K067,فهمي غنيم
K068,كمال الجداوي
K069,كمال عبد الظاهر
K070,مجدي عادل
K071,محسن محمد أحمدج
K072,محمد أحمد فريد
K073,محمد احمد صادق
K074,محمد البابلي
K075,محمد الحسيني حامد
K076,محمد الروبي
K077,محمد المسلمي
K078,محمد حسن محمد حسن
K079,محمد خليل
K080,محمد سالم المسجد الجامع
K081,محمد شعبان
K082,محمد عبدالوهاب معوض
K083,محمد عزالدين عبدالمجيد
K084,محمد علاء
K085,محمد علي ابراهيم
K086,محمد فاروق عبد الوارث
K087,محمود ابو غرام
K088,محمود احمد فتحي
K089,محمود السواح
K090,محمود بدوي
K091,محمود شيبة
K092,محمود عبدالسلام بسيوني
K093,محمود علي ابو جبل
K094,محمود فؤاد
K095,محمود يوسف طه
K096,مستر ياسر سعد عبدالدايم
K097,مصطفي حامد اسماعيل
K098,مصطفي طاهر احمد
K099,مصطفي يحيي الازهري
K100,معاذ محمد عنان
K101,معاذ مصطفي حسنين
K102,ممدوح سويدان
K103,ممدوح عبدالقادر عبد القادر
K104,هاني سويد
K105,هشام أحمد حامد
K106,هشلم محمد صادق
K107,يوسف علام
K108,الشيخ بلال
K109,عبد الله جنيدي
K110,اشرف عباس
K111,د/رمضان مبروك
K112,اشرف عبد القادر عبدالكريم
K113,حسان رمضان حسان
K114,عماد حمدي عبد الرازق عطية
K115,نصر مصطفي سعيد
K116,خالد الامين
K117,عبد المحسن
K118,دكتور حمادة
K119,فضل هاشم سيف
K120,محمود عصام
K121,احمد سعد سلامه
K122,محمود عبد الله احمد
K123,اسلام محمد عثمان
K124,احمد المغربي
K125,احمد خليفة
K126,مصطفي علي بحرية
K127,عيد محمود احمد هدية
