khatib_id,mosque_id
K001,M007
K001,M025
K001,M045
K001,M057
K001,M058
K001,M065
K001,M069
K001,M073
K002,M011
K002,M043
K002,M044
K002,M045
K002,M046
K002,M048
K002,M052
K002,M054
K003,M002
K003,M003
K003,M006
K003,M007
K003,M008
K003,M009
K003,M011
K003,M012
K003,M013
K003,M015
K003,M017
K003,M020
K003,M026
K003,M027
K003,M044
K003,M047
K003,M054
K004,M004
K004,M026
K004,M032
K004,M037
K004,M045
K004,M046
K004,M047
K004,M051
K004,M052
K004,M054
K006,M002
K006,M013
K006,M029
K006,M042
K006,M050
K006,M051
K006,M072
K006,M082
K007,M010
K007,M011
K007,M013
K007,M015
K007,M016
K007,M030
K007,M032
K007,M033
K007,M042
K007,M043
K007,M046
K007,M050
K007,M066
K007,M074
K008,M048
K008,M063
K008,M072
K008,M082
K008,M083
K009,M040
K009,M070
K011,M002
K011,M003
K011,M004
K011,M005
K011,M006
K011,M007
K011,M008
K011,M009
K011,M010
K011,M011
K011,M012
K011,M013
K011,M014
K011,M015
K011,M016
K011,M017
K011,M018
K011,M019
K011,M020
K011,M021
K011,M022
K011,M023
K011,M024
K011,M025
K011,M026
K011,M027
K011,M028
K011,M029
K011,M030
K011,M031
K011,M032
K011,M033
K011,M034
K011,M035
K011,M036
K011,M037
K011,M038
K011,M039
K011,M040
K011,M041
K011,M042
K011,M043
K011,M044
K011,M045
K011,M046
K011,M047
K011,M048
K011,M049
K011,M050
K011,M051
K011,M052
K011,M053
K011,M054
K011,M055
K011,M056
K011,M057
K011,M058
K011,M059
K011,M060
K011,M061
K011,M062
K011,M063
K011,M064
K011,M065
K011,M066
K011,M067
K011,M068
K011,M069
K011,M070
K011,M071
K011,M072
K011,M073
K011,M074
K011,M075
K011,M076
K011,M077
K011,M078
K011,M079
K011,M080
K011,M081
K011,M082
K011,M083
K012,M002
K012,M003
K012,M004
K012,M005
K012,M006
K012,M007
K012,M008
K012,M009
K012,M010
K012,M011
K012,M012
K012,M013
K012,M014
K012,M015
K012,M016
K012,M017
K012,M018
K012,M019
K012,M020
K012,M021
K012,M022
K012,M023
K012,M024
K012,M025
K012,M026
K012,M027
K012,M028
K012,M029
K012,M030
K012,M031
K012,M032
K012,M033
K012,M034
K012,M035
K012,M036
K012,M037
K012,M038
K012,M039
K012,M040
K012,M041
K012,M042
K012,M043
K012,M044
K012,M045
K012,M046
K012,M047
K012,M048
K012,M049
K012,M050
K012,M051
K012,M052
K012,M053
K012,M054
K012,M055
K012,M056
K012,M057
K012,M058
K012,M059
K012,M060
K012,M061
K012,M062
K012,M063
K012,M064
K012,M065
K012,M066
K012,M067
K012,M068
K012,M069
K012,M070
K012,M071
K012,M072
K012,M073
K012,M074
K012,M075
K012,M076
K012,M077
K012,M078
K012,M079
K012,M080
K012,M081
K012,M082
K012,M083
K013,M062
K013,M077
K013,M078
K013,M079
K013,M082
K014,M027
K014,M066
K014,M071
K014,M073
K014,M074
K014,M079
K015,M002
K015,M003
K015,M004
K015,M005
K015,M006
K015,M007
K015,M008
K015,M009
K015,M010
K015,M011
K015,M012
K015,M013
K015,M014
K015,M015
K015,M016
K015,M017
K015,M018
K015,M019
K015,M020
K015,M021
K015,M022
K015,M023
K015,M024
K015,M025
K015,M026
K015,M027
K015,M028
K015,M029
K015,M030
K015,M031
K015,M032
K015,M033
K015,M034
K015,M035
K015,M036
K015,M037
K015,M038
K015,M039
K015,M040
K015,M041
K015,M042
K015,M043
K015,M044
K015,M045
K015,M046
K015,M047
K015,M048
K015,M049
K015,M050
K015,M051
K015,M052
K015,M053
K015,M054
K015,M055
K015,M056
K015,M057
K015,M058
K015,M059
K015,M060
K015,M061
K015,M062
K015,M063
K015,M064
K015,M065
K015,M066
K015,M067
K015,M068
K015,M069
K015,M070
K015,M071
K015,M072
K015,M073
K015,M074
K015,M075
K015,M076
K015,M077
K015,M078
K015,M079
K015,M080
K015,M081
K015,M082
K015,M083
K017,M074
K017,M076
K017,M078
K017,M083
K019,M057
K019,M070
K020,M027
K020,M029
K020,M063
K020,M067
K021,M001
K021,M002
K021,M003
K021,M004
K021,M005
K021,M006
K021,M007
K021,M008
K021,M009
K021,M010
K021,M011
K021,M012
K021,M013
K021,M014
K021,M015
K021,M016
K021,M017
K021,M018
K021,M019
K021,M020
K021,M021
K021,M022
K021,M023
K021,M024
K021,M025
K021,M026
K021,M027
K021,M028
K021,M029
K021,M030
K021,M031
K021,M032
K021,M033
K021,M034
K021,M035
K021,M036
K021,M037
K021,M038
K021,M039
K021,M040
K021,M041
K021,M042
K021,M043
K021,M044
K021,M045
K021,M046
K021,M047
K021,M048
K021,M049
K021,M050
K021,M051
K021,M052
K021,M053
K021,M054
K021,M055
K021,M056
K021,M057
K021,M058
K021,M059
K021,M060
K021,M061
K021,M062
K021,M063
K021,M064
K021,M065
K021,M066
K021,M067
K021,M068
K021,M069
K021,M070
K021,M071
K021,M072
K021,M073
K021,M074
K021,M075
K021,M076
K021,M077
K021,M078
K021,M079
K021,M080
K021,M081
K021,M082
K021,M083
K022,M047
K022,M071
K022,M072
K022,M083
K023,M002
K023,M003
K023,M004
K023,M005
K023,M006
K023,M007
K023,M008
K023,M009
K023,M010
K023,M011
K023,M012
K023,M013
K023,M014
K023,M015
K023,M016
K023,M017
K023,M018
K023,M019
K023,M020
K023,M021
K023,M022
K023,M023
K023,M024
K023,M025
K023,M026
K023,M027
K023,M028
K023,M029
K023,M030
K023,M031
K023,M032
K023,M033
K023,M034
K023,M035
K023,M036
K023,M037
K023,M038
K023,M039
K023,M040
K023,M041
K023,M042
K023,M043
K023,M044
K023,M045
K023,M046
K023,M047
K023,M048
K023,M049
K023,M050
K023,M051
K023,M052
K023,M053
K023,M054
K023,M055
K023,M056
K023,M057
K023,M058
K023,M059
K023,M060
K023,M061
K023,M062
K023,M063
K023,M064
K023,M065
K023,M066
K023,M067
K023,M068
K023,M069
K023,M070
K023,M071
K023,M072
K023,M073
K023,M074
K023,M075
K023,M076
K023,M077
K023,M078
K023,M079
K023,M080
K023,M081
K023,M082
K023,M083
K024,M022
K024,M024
K024,M032
K024,M054
K024,M057
K024,M058
K024,M059
K024,M062
K024,M065
K024,M066
K024,M068
K024,M069
K025,M022
K025,M056
K025,M057
K025,M058
K025,M059
K025,M066
K025,M073
K025,M075
K026,M002
K026,M003
K026,M004
K026,M005
K026,M006
K026,M007
K026,M008
K026,M009
K026,M010
K026,M011
K026,M012
K026,M013
K026,M014
K026,M015
K026,M016
K026,M017
K026,M018
K026,M019
K026,M020
K026,M021
K026,M022
K026,M023
K026,M024
K026,M025
K026,M026
K026,M027
K026,M028
K026,M029
K026,M030
K026,M031
K026,M032
K026,M033
K026,M034
K026,M035
K026,M036
K026,M037
K026,M038
K026,M039
K026,M040
K026,M041
K026,M042
K026,M043
K026,M044
K026,M045
K026,M046
K026,M047
K026,M048
K026,M049
K026,M050
K026,M051
K026,M052
K026,M053
K026,M054
K026,M055
K026,M056
K026,M057
K026,M058
K026,M059
K026,M060
K026,M061
K026,M062
K026,M063
K026,M064
K026,M065
K026,M066
K026,M067
K026,M068
K026,M069
K026,M070
K026,M071
K026,M072
K026,M073
K026,M074
K026,M075
K026,M076
K026,M077
K026,M078
K026,M079
K026,M080
K026,M081
K026,M082
K026,M083
K027,M041
K027,M043
K027,M045
K027,M054
K028,M002
K028,M003
K028,M004
K028,M005
K028,M006
K028,M007
K028,M008
K028,M009
K028,M010
K028,M011
K028,M012
K028,M013
K028,M014
K028,M015
K028,M016
K028,M017
K028,M018
K028,M019
K028,M020
K028,M021
K028,M022
K028,M023
K028,M024
K028,M025
K028,M026
K028,M027
K028,M028
K028,M029
K028,M030
K028,M031
K028,M032
K028,M033
K028,M034
K028,M035
K028,M036
K028,M037
K028,M038
K028,M039
K028,M040
K028,M041
K028,M042
K028,M043
K028,M044
K028,M045
K028,M046
K028,M047
K028,M048
K028,M049
K028,M050
K028,M051
K028,M052
K028,M053
K028,M054
K028,M055
K028,M056
K028,M057
K028,M058
K028,M059
K028,M060
K028,M061
K028,M062
K028,M063
K028,M064
K028,M065
K028,M066
K028,M067
K028,M068
K028,M069
K028,M070
K028,M071
K028,M072
K028,M073
K028,M074
K028,M075
K028,M076
K028,M077
K028,M078
K028,M079
K028,M080
K028,M081
K028,M082
K028,M083
K030,M022
K030,M025
K030,M026
K030,M058
K031,M062
K031,M065
K031,M076
K031,M077
K031,M080
K031,M082
K031,M083
K032,M022
K032,M065
K032,M066
K032,M071
K032,M075
K032,M078
K032,M083
K034,M002
K034,M003
K034,M004
K034,M005
K034,M006
K034,M007
K034,M008
K034,M009
K034,M010
K034,M011
K034,M012
K034,M013
K034,M014
K034,M015
K034,M016
K034,M017
K034,M018
K034,M019
K034,M020
K034,M021
K034,M022
K034,M023
K034,M024
K034,M025
K034,M026
K034,M027
K034,M028
K034,M029
K034,M030
K034,M031
K034,M032
K034,M033
K034,M034
K034,M035
K034,M036
K034,M037
K034,M038
K034,M039
K034,M040
K034,M041
K034,M042
K034,M043
K034,M044
K034,M045
K034,M046
K034,M047
K034,M048
K034,M049
K034,M050
K034,M051
K034,M052
K034,M053
K034,M054
K034,M055
K034,M056
K034,M057
K034,M058
K034,M059
K034,M060
K034,M061
K034,M062
K034,M063
K034,M064
K034,M065
K034,M066
K034,M067
K034,M068
K034,M069
K034,M070
K034,M071
K034,M072
K034,M073
K034,M074
K034,M075
K034,M076
K034,M077
K034,M078
K034,M079
K034,M080
K034,M081
K034,M082
K034,M083
K036,M002
K036,M026
K036,M027
K036,M031
K036,M036
K036,M047
K037,M002
K037,M003
K037,M004
K037,M005
K037,M006
K037,M007
K037,M008
K037,M009
K037,M010
K037,M011
K037,M012
K037,M013
K037,M014
K037,M015
K037,M016
K037,M017
K037,M018
K037,M019
K037,M020
K037,M021
K037,M022
K037,M023
K037,M024
K037,M025
K037,M026
K037,M027
K037,M028
K037,M029
K037,M030
K037,M031
K037,M032
K037,M033
K037,M034
K037,M035
K037,M036
K037,M037
K037,M038
K037,M039
K037,M040
K037,M041
K037,M042
K037,M043
K037,M044
K037,M045
K037,M046
K037,M047
K037,M048
K037,M049
K037,M050
K037,M051
K037,M052
K037,M053
K037,M054
K037,M055
K037,M056
K037,M057
K037,M058
K037,M059
K037,M060
K037,M061
K037,M062
K037,M063
K037,M064
K037,M065
K037,M066
K037,M067
K037,M068
K037,M069
K037,M070
K037,M071
K037,M072
K037,M073
K037,M074
K037,M075
K037,M076
K037,M077
K037,M078
K037,M079
K037,M080
K037,M081
K037,M082
K037,M083
K038,M022
K038,M024
K038,M048
K038,M057
K038,M058
K038,M059
K038,M062
K038,M069
K038,M072
K038,M073
K039,M002
K039,M003
K039,M004
K039,M005
K039,M006
K039,M007
K039,M008
K039,M009
K039,M010
K039,M011
K039,M012
K039,M013
K039,M014
K039,M015
K039,M016
K039,M017
K039,M018
K039,M019
K039,M020
K039,M021
K039,M022
K039,M023
K039,M024
K039,M025
K039,M026
K039,M027
K039,M028
K039,M029
K039,M030
K039,M031
K039,M032
K039,M033
K039,M034
K039,M035
K039,M036
K039,M037
K039,M038
K039,M039
K039,M040
K039,M041
K039,M042
K039,M043
K039,M044
K039,M045
K039,M046
K039,M047
K039,M048
K039,M049
K039,M050
K039,M051
K039,M052
K039,M053
K039,M054
K039,M055
K039,M056
K039,M057
K039,M058
K039,M059
K039,M060
K039,M061
K039,M062
K039,M063
K039,M064
K039,M065
K039,M066
K039,M067
K039,M068
K039,M069
K039,M070
K039,M071
K039,M072
K039,M073
K039,M074
K039,M075
K039,M076
K039,M077
K039,M078
K039,M079
K039,M080
K039,M081
K039,M082
K039,M083
K041,M002
K041,M003
K041,M004
K041,M005
K041,M006
K041,M007
K041,M008
K041,M009
K041,M010
K041,M011
K041,M012
K041,M013
K041,M014
K041,M015
K041,M016
K041,M017
K041,M018
K041,M019
K041,M020
K041,M021
K041,M022
K041,M023
K041,M024
K041,M025
K041,M026
K041,M027
K041,M028
K041,M029
K041,M030
K041,M031
K041,M032
K041,M033
K041,M034
K041,M035
K041,M036
K041,M037
K041,M038
K041,M039
K041,M040
K041,M041
K041,M042
K041,M043
K041,M044
K041,M045
K041,M046
K041,M047
K041,M048
K041,M049
K041,M050
K041,M051
K041,M052
K041,M053
K041,M054
K041,M055
K041,M056
K041,M057
K041,M058
K041,M059
K041,M060
K041,M061
K041,M062
K041,M063
K041,M064
K041,M065
K041,M066
K041,M067
K041,M068
K041,M069
K041,M070
K041,M071
K041,M072
K041,M073
K041,M074
K041,M075
K041,M076
K041,M077
K041,M078
K041,M079
K041,M080
K041,M081
K041,M082
K041,M083
K042,M012
K042,M025
K042,M065
K043,M015
K043,M016
K044,M018
K044,M022
K044,M028
K044,M046
K044,M047
K044,M050
K044,M052
K044,M054
K046,M010
K047,M002
K047,M003
K047,M004
K047,M005
K047,M006
K047,M007
K047,M008
K047,M009
K047,M010
K047,M011
K047,M012
K047,M013
K047,M014
K047,M015
K047,M016
K047,M017
K047,M018
K047,M019
K047,M020
K047,M021
K047,M022
K047,M023
K047,M024
K047,M025
K047,M026
K047,M027
K047,M028
K047,M029
K047,M030
K047,M031
K047,M032
K047,M033
K047,M034
K047,M035
K047,M036
K047,M037
K047,M038
K047,M039
K047,M040
K047,M041
K047,M042
K047,M043
K047,M044
K047,M045
K047,M046
K047,M047
K047,M048
K047,M049
K047,M050
K047,M051
K047,M052
K047,M053
K047,M054
K047,M055
K047,M056
K047,M057
K047,M058
K047,M059
K047,M060
K047,M061
K047,M062
K047,M063
K047,M064
K047,M065
K047,M066
K047,M067
K047,M068
K047,M069
K047,M070
K047,M071
K047,M072
K047,M073
K047,M074
K047,M075
K047,M076
K047,M077
K047,M078
K047,M079
K047,M080
K047,M081
K047,M082
K047,M083
K048,M002
K048,M003
K048,M004
K048,M005
K048,M006
K048,M007
K048,M008
K048,M009
K048,M010
K048,M011
K048,M012
K048,M013
K048,M014
K048,M015
K048,M016
K048,M017
K048,M018
K048,M019
K048,M020
K048,M021
K048,M022
K048,M023
K048,M024
K048,M025
K048,M026
K048,M027
K048,M028
K048,M029
K048,M030
K048,M031
K048,M032
K048,M033
K048,M034
K048,M035
K048,M036
K048,M037
K048,M038
K048,M039
K048,M040
K048,M041
K048,M042
K048,M043
K048,M044
K048,M045
K048,M046
K048,M047
K048,M048
K048,M049
K048,M050
K048,M051
K048,M052
K048,M053
K048,M054
K048,M055
K048,M056
K048,M057
K048,M058
K048,M059
K048,M060
K048,M061
K048,M062
K048,M063
K048,M064
K048,M065
K048,M066
K048,M067
K048,M068
K048,M069
K048,M070
K048,M071
K048,M072
K048,M073
K048,M074
K048,M075
K048,M076
K048,M077
K048,M078
K048,M079
K048,M080
K048,M081
K048,M082
K048,M083
K049,M013
K049,M072
K051,M002
K051,M003
K051,M007
K051,M008
K051,M011
K051,M012
K051,M018
K051,M044
K051,M048
K051,M050
K051,M054
K051,M065
K051,M068
K052,M002
K052,M003
K052,M004
K052,M005
K052,M006
K052,M007
K052,M008
K052,M009
K052,M010
K052,M011
K052,M012
K052,M013
K052,M014
K052,M015
K052,M016
K052,M017
K052,M018
K052,M019
K052,M020
K052,M021
K052,M022
K052,M023
K052,M024
K052,M025
K052,M026
K052,M027
K052,M028
K052,M029
K052,M030
K052,M031
K052,M032
K052,M033
K052,M034
K052,M035
K052,M036
K052,M037
K052,M038
K052,M039
K052,M040
K052,M041
K052,M042
K052,M043
K052,M044
K052,M045
K052,M046
K052,M047
K052,M048
K052,M049
K052,M050
K052,M051
K052,M052
K052,M053
K052,M054
K052,M055
K052,M056
K052,M057
K052,M058
K052,M059
K052,M060
K052,M061
K052,M062
K052,M063
K052,M064
K052,M065
K052,M066
K052,M067
K052,M068
K052,M069
K052,M070
K052,M071
K052,M072
K052,M073
K052,M074
K052,M075
K052,M076
K052,M077
K052,M078
K052,M079
K052,M080
K052,M081
K052,M082
K052,M083
K054,M055
K054,M071
K056,M012
K056,M024
K056,M026
K056,M027
K056,M028
K056,M029
K056,M042
K056,M068
K056,M084
K057,M010
K057,M018
K057,M081
K057,M082
K057,M083
K058,M003
K058,M010
K058,M024
K058,M032
K058,M058
K058,M064
K058,M073
K059,M012
K059,M042
K059,M048
K059,M050
K059,M065
K059,M067
K059,M069
K059,M072
K059,M082
K059,M083
K061,M020
K061,M044
K061,M045
K061,M046
K061,M047
K061,M048
K061,M051
K062,M002
K062,M029
K062,M042
K062,M069
K062,M073
K062,M076
K062,M078
K062,M082
K062,M083
K063,M002
K063,M004
K063,M009
K063,M012
K063,M013
K063,M022
K063,M024
K063,M029
K065,M007
K065,M009
K065,M010
K065,M011
K065,M024
K065,M028
K065,M030
K065,M031
K065,M032
K065,M048
K065,M054
K065,M058
K065,M062
K065,M063
K065,M065
K065,M067
K065,M069
K065,M073
K065,M082
K066,M017
K066,M019
K066,M020
K066,M032
K066,M042
K066,M048
K066,M073
K068,M002
K068,M003
K068,M004
K068,M005
K068,M006
K068,M007
K068,M008
K068,M009
K068,M010
K068,M011
K068,M012
K068,M013
K068,M014
K068,M015
K068,M016
K068,M017
K068,M018
K068,M019
K068,M020
K068,M021
K068,M022
K068,M023
K068,M024
K068,M025
K068,M026
K068,M027
K068,M028
K068,M029
K068,M030
K068,M031
K068,M032
K068,M033
K068,M034
K068,M035
K068,M036
K068,M037
K068,M038
K068,M039
K068,M040
K068,M041
K068,M042
K068,M043
K068,M044
K068,M045
K068,M046
K068,M047
K068,M048
K068,M049
K068,M050
K068,M051
K068,M052
K068,M053
K068,M054
K068,M055
K068,M056
K068,M057
K068,M058
K068,M059
K068,M060
K068,M061
K068,M062
K068,M063
K068,M064
K068,M065
K068,M066
K068,M067
K068,M068
K068,M069
K068,M070
K068,M071
K068,M072
K068,M073
K068,M074
K068,M075
K068,M076
K068,M077
K068,M078
K068,M079
K068,M080
K068,M081
K068,M082
K068,M083
K069,M065
K069,M066
K069,M071
K069,M075
K069,M076
K069,M077
K069,M078
K069,M079
K069,M081
K069,M082
K069,M083
K070,M039
K071,M003
K071,M004
K071,M007
K071,M009
K071,M012
K071,M013
K071,M015
K071,M016
K071,M019
K071,M020
K071,M024
K071,M031
K071,M036
K071,M082
K072,M001
K074,M015
K074,M059
K074,M069
K074,M074
K074,M076
K074,M077
K074,M079
K074,M083
K075,M009
K075,M022
K075,M024
K075,M032
K077,M002
K077,M003
K077,M004
K077,M005
K077,M006
K077,M007
K077,M008
K077,M009
K077,M010
K077,M011
K077,M012
K077,M013
K077,M014
K077,M015
K077,M016
K077,M017
K077,M018
K077,M019
K077,M020
K077,M021
K077,M022
K077,M023
K077,M024
K077,M025
K077,M026
K077,M027
K077,M028
K077,M029
K077,M030
K077,M031
K077,M032
K077,M033
K077,M034
K077,M035
K077,M036
K077,M037
K077,M038
K077,M039
K077,M040
K077,M041
K077,M042
K077,M043
K077,M044
K077,M045
K077,M046
K077,M047
K077,M048
K077,M049
K077,M050
K077,M051
K077,M052
K077,M053
K077,M054
K077,M055
K077,M056
K077,M057
K077,M058
K077,M059
K077,M060
K077,M061
K077,M062
K077,M063
K077,M064
K077,M065
K077,M066
K077,M067
K077,M068
K077,M069
K077,M070
K077,M071
K077,M072
K077,M073
K077,M074
K077,M075
K077,M076
K077,M077
K077,M078
K077,M079
K077,M080
K077,M081
K077,M082
K077,M083
K078,M041
K078,M043
K078,M045
K078,M054
K079,M006
K080,M002
K080,M003
K080,M004
K080,M005
K080,M006
K080,M007
K080,M008
K080,M009
K080,M010
K080,M011
K080,M012
K080,M013
K080,M014
K080,M015
K080,M016
K080,M017
K080,M018
K080,M019
K080,M020
K080,M021
K080,M022
K080,M023
K080,M024
K080,M025
K080,M026
K080,M027
K080,M028
K080,M029
K080,M030
K080,M031
K080,M032
K080,M033
K080,M034
K080,M035
K080,M036
K080,M037
K080,M038
K080,M039
K080,M040
K080,M041
K080,M042
K080,M043
K080,M044
K080,M045
K080,M046
K080,M047
K080,M048
K080,M049
K080,M050
K080,M051
K080,M052
K080,M053
K080,M054
K080,M055
K080,M056
K080,M057
K080,M058
K080,M059
K080,M060
K080,M061
K080,M062
K080,M063
K080,M064
K080,M065
K080,M066
K080,M067
K080,M068
K080,M069
K080,M070
K080,M071
K080,M072
K080,M073
K080,M074
K080,M075
K080,M076
K080,M077
K080,M078
K080,M079
K080,M080
K080,M081
K080,M082
K080,M083
K081,M057
K081,M071
K081,M073
K081,M077
K081,M078
K081,M082
K081,M083
K082,M002
K082,M003
K082,M004
K082,M009
K082,M011
K082,M013
K082,M018
K082,M022
K082,M024
K082,M049
K083,M004
K083,M022
K083,M026
K083,M027
K083,M031
K083,M032
K083,M036
K083,M069
K083,M072
K084,M004
K084,M026
K084,M032
K084,M042
K084,M044
K084,M047
K084,M050
K084,M051
K084,M057
K084,M064
K084,M065
K084,M066
K084,M073
K084,M077
K084,M084
K086,M010
K086,M028
K086,M049
K086,M055
K086,M070
K087,M053
K088,M051
K089,M056
K090,M002
K090,M003
K090,M004
K090,M005
K090,M006
K090,M007
K090,M008
K090,M009
K090,M010
K090,M011
K090,M012
K090,M013
K090,M014
K090,M015
K090,M016
K090,M017
K090,M018
K090,M019
K090,M020
K090,M021
K090,M022
K090,M023
K090,M024
K090,M025
K090,M026
K090,M027
K090,M028
K090,M029
K090,M030
K090,M031
K090,M032
K090,M033
K090,M034
K090,M035
K090,M036
K090,M037
K090,M038
K090,M039
K090,M040
K090,M041
K090,M042
K090,M043
K090,M044
K090,M045
K090,M046
K090,M047
K090,M048
K090,M049
K090,M050
K090,M051
K090,M052
K090,M053
K090,M054
K090,M055
K090,M056
K090,M057
K090,M058
K090,M059
K090,M060
K090,M061
K090,M062
K090,M063
K090,M064
K090,M065
K090,M066
K090,M067
K090,M068
K090,M069
K090,M070
K090,M071
K090,M072
K090,M073
K090,M074
K090,M075
K090,M076
K090,M077
K090,M078
K090,M079
K090,M080
K090,M081
K090,M082
K090,M083
K091,M072
K091,M074
K091,M077
K091,M078
K091,M079
K091,M081
K091,M082
K092,M002
K092,M003
K092,M004
K092,M010
K092,M011
K092,M013
K092,M014
K092,M016
K092,M032
K092,M051
K092,M052
K092,M054
K092,M058
K092,M060
K092,M062
K092,M073
K093,M070
K094,M027
K094,M034
K094,M036
K094,M047
K094,M057
K094,M062
K095,M011
K095,M013
K095,M017
K095,M018
K095,M020
K095,M048
K096,M002
K096,M003
K096,M004
K096,M005
K096,M006
K096,M007
K096,M008
K096,M009
K096,M010
K096,M011
K096,M012
K096,M013
K096,M014
K096,M015
K096,M016
K096,M017
K096,M018
K096,M019
K096,M020
K096,M021
K096,M022
K096,M023
K096,M024
K096,M025
K096,M026
K096,M027
K096,M028
K096,M029
K096,M030
K096,M031
K096,M032
K096,M033
K096,M034
K096,M035
K096,M036
K096,M037
K096,M038
K096,M039
K096,M040
K096,M041
K096,M042
K096,M043
K096,M044
K096,M045
K096,M046
K096,M047
K096,M048
K096,M049
K096,M050
K096,M051
K096,M052
K096,M053
K096,M054
K096,M055
K096,M056
K096,M057
K096,M058
K096,M059
K096,M060
K096,M061
K096,M062
K096,M063
K096,M064
K096,M065
K096,M066
K096,M067
K096,M068
K096,M069
K096,M070
K096,M071
K096,M072
K096,M073
K096,M074
K096,M075
K096,M076
K096,M077
K096,M078
K096,M079
K096,M080
K096,M081
K096,M082
K096,M083
K098,M002
K098,M003
K098,M004
K098,M005
K098,M006
K098,M007
K098,M008
K098,M009
K098,M010
K098,M011
K098,M012
K098,M013
K098,M014
K098,M015
K098,M016
K098,M017
K098,M018
K098,M019
K098,M020
K098,M021
K098,M022
K098,M023
K098,M024
K098,M025
K098,M026
K098,M027
K098,M028
K098,M029
K098,M030
K098,M031
K098,M032
K098,M033
K098,M034
K098,M035
K098,M036
K098,M037
K098,M038
K098,M039
K098,M040
K098,M041
K098,M042
K098,M043
K098,M044
K098,M045
K098,M046
K098,M047
K098,M048
K098,M049
K098,M050
K098,M051
K098,M052
K098,M053
K098,M054
K098,M055
K098,M056
K098,M057
K098,M058
K098,M059
K098,M060
K098,M061
K098,M062
K098,M063
K098,M064
K098,M065
K098,M066
K098,M067
K098,M068
K098,M069
K098,M070
K098,M071
K098,M072
K098,M073
K098,M074
K098,M075
K098,M076
K098,M077
K098,M078
K098,M079
K098,M080
K098,M081
K098,M082
K098,M083
K099,M024
K099,M050
K099,M073
K099,M077
K099,M078
K099,M083
K100,M015
K100,M025
K100,M026
K100,M027
K100,M044
K101,M002
K101,M003
K101,M004
K101,M005
K101,M006
K101,M007
K101,M008
K101,M009
K101,M010
K101,M011
K101,M012
K101,M013
K101,M014
K101,M015
K101,M016
K101,M017
K101,M018
K101,M019
K101,M020
K101,M021
K101,M022
K101,M023
K101,M024
K101,M025
K101,M026
K101,M027
K101,M028
K101,M029
K101,M030
K101,M031
K101,M032
K101,M033
K101,M034
K101,M035
K101,M036
K101,M037
K101,M038
K101,M039
K101,M040
K101,M041
K101,M042
K101,M043
K101,M044
K101,M045
K101,M046
K101,M047
K101,M048
K101,M049
K101,M050
K101,M051
K101,M052
K101,M053
K101,M054
K101,M055
K101,M056
K101,M057
K101,M058
K101,M059
K101,M060
K101,M061
K101,M062
K101,M063
K101,M064
K101,M065
K101,M066
K101,M067
K101,M068
K101,M069
K101,M070
K101,M071
K101,M072
K101,M073
K101,M074
K101,M075
K101,M076
K101,M078
K101,M079
K101,M080
K101,M081
K101,M082
K101,M083
K102,M013
K102,M042
K102,M044
K102,M047
K102,M057
K102,M058
K102,M066
K102,M068
K102,M069
K102,M073
K103,M002
K103,M003
K103,M004
K103,M005
K103,M006
K103,M007
K103,M008
K103,M009
K103,M010
K103,M011
K103,M012
K103,M013
K103,M014
K103,M015
K103,M016
K103,M017
K103,M018
K103,M019
K103,M020
K103,M021
K103,M022
K103,M023
K103,M024
K103,M025
K103,M026
K103,M027
K103,M028
K103,M029
K103,M030
K103,M031
K103,M032
K103,M033
K103,M034
K103,M035
K103,M036
K103,M037
K103,M038
K103,M039
K103,M040
K103,M041
K103,M042
K103,M043
K103,M044
K103,M045
K103,M046
K103,M047
K103,M048
K103,M049
K103,M050
K103,M051
K103,M052
K103,M053
K103,M054
K103,M055
K103,M056
K103,M057
K103,M058
K103,M059
K103,M060
K103,M061
K103,M062
K103,M063
K103,M064
K103,M065
K103,M066
K103,M067
K103,M068
K103,M069
K103,M070
K103,M071
K103,M072
K103,M073
K103,M074
K103,M075
K103,M076
K103,M077
K103,M078
K103,M079
K103,M080
K103,M081
K103,M082
K103,M083
K104,M005
K105,M004
K105,M010
K105,M011
K105,M012
K105,M013
K105,M015
K105,M016
K105,M017
K105,M018
K105,M019
K105,M020
K105,M025
K105,M046
K105,M047
K105,M048
K105,M050
K105,M065
K106,M032
K106,M063
K106,M067
K106,M069
K106,M074
K106,M078
K106,M081
K106,M082
K106,M083
K107,M002
K107,M003
K107,M004
K107,M005
K107,M006
K107,M007
K107,M008
K107,M009
K107,M010
K107,M011
K107,M012
K107,M013
K107,M014
K107,M015
K107,M016
K107,M017
K107,M018
K107,M019
K107,M020
K107,M021
K107,M022
K107,M023
K107,M024
K107,M025
K107,M026
K107,M027
K107,M028
K107,M029
K107,M030
K107,M031
K107,M032
K107,M033
K107,M034
K107,M035
K107,M036
K107,M037
K107,M038
K107,M039
K107,M040
K107,M041
K107,M042
K107,M043
K107,M044
K107,M045
K107,M046
K107,M047
K107,M048
K107,M049
K107,M050
K107,M051
K107,M052
K107,M053
K107,M054
K107,M055
K107,M056
K107,M057
K107,M058
K107,M059
K107,M060
K107,M061
K107,M062
K107,M063
K107,M064
K107,M065
K107,M066
K107,M067
K107,M068
K107,M069
K107,M070
K107,M071
K107,M072
K107,M073
K107,M074
K107,M075
K107,M076
K107,M077
K107,M078
K107,M079
K107,M080
K107,M081
K107,M082
K107,M083
K109,M008
K109,M013
K109,M022
K109,M025
K109,M026
K109,M061
K109,M062
K109,M071
K109,M077
K111,M059
K111,M069
K112,M009
K112,M022
K112,M042
K112,M061
K112,M062
K112,M064
K112,M065
K112,M082
K113,M078
K113,M083
K114,M066
K115,M027
K116,M022
K116,M062
K116,M064
K116,M065
K117,M074
K117,M076
K117,M077
K119,M002
K119,M003
K119,M004
K119,M005
K119,M006
K119,M007
K119,M008
K119,M009
K119,M010
K119,M011
K119,M012
K119,M013
K119,M014
K119,M015
K119,M016
K119,M017
K119,M018
K119,M019
K119,M020
K119,M021
K119,M022
K119,M023
K119,M024
K119,M025
K119,M026
K119,M027
K119,M028
K119,M029
K119,M030
K119,M031
K119,M032
K119,M033
K119,M034
K119,M035
K119,M036
K119,M037
K119,M038
K119,M039
K119,M040
K119,M041
K119,M042
K119,M043
K119,M044
K119,M045
K119,M046
K119,M047
K119,M048
K119,M049
K119,M050
K119,M051
K119,M052
K119,M053
K119,M054
K119,M055
K119,M056
K119,M057
K119,M058
K119,M059
K119,M060
K119,M061
K119,M062
K119,M063
K119,M064
K119,M065
K119,M066
K119,M067
K119,M068
K119,M069
K119,M070
K119,M071
K119,M072
K119,M073
K119,M074
K119,M075
K119,M076
K119,M077
K119,M078
K119,M079
K119,M080
K119,M081
K119,M082
K119,M083
K122,M009
K122,M012
K122,M026
K124,M077
K124,M078
K124,M080
K124,M081
K124,M083
K124,M084
K125,M070
K126,M027
K126,M029
K126,M030
K126,M033
K126,M034
K127,M004
